{"graph": {"_type": "graph-file", "sha256": "bfa7a29ca632641b85b7cbc85ee55edf8ba30e5ea197a97fff65f6864a2be076", "size": 867, "path": "media/graph/graph_summary_bfa7a29ca632641b85b7.graph.json"}, "epoch": 7, "_timestamp": 1739860615.0170038, "loss": NaN, "accuracy": 0.18484848737716675, "val_loss": NaN, "val_accuracy": 0.17777778208255768, "_runtime": 14.666668891906738, "_step": 8, "Test Accuracy Rate: ": 17.27, "Test Error Rate: ": 82.73, "_wandb": {"runtime": 14}}